Page Source URL,Name Tag,Post Date,Message,Num. of Replies,Post URL,Extraction Date,Label
https://twitter.com/Microsoft,@Microsoft,11h,"We’re helping shape the future of newsrooms. 

Learn how we’re collaborating with news organizations to launch programs that are supporting the next generation of reporters with the skills to efficiently and responsibly use AI. https://msft.it/6017chLht",9,https://twitter.com/Microsoft/status/1785345869954318403,01/05/2024 00:15:04,-1
https://twitter.com/Microsoft,@Microsoft,Apr 29,"Getting the most out of Microsoft Copilot really is as simple as ASKing.  

Discover three basic tips you should know to craft your next AI prompt:",18,https://twitter.com/Microsoft/status/1785028783570833772,01/05/2024 00:15:04,-1
https://twitter.com/Microsoft,@MSFTnews,Apr 26,"The @esteelauderco and @Microsoft are joining forces to reimagine the beauty industry with generative AI. Through a new joint AI Innovation Lab, the two companies will co-develop solutions to enhance consumer experiences and more. Learn more:",25,https://twitter.com/MSFTnews/status/1783851175432917467,01/05/2024 00:15:04,-1
https://twitter.com/Microsoft,@Microsoft,Apr 24,"Exciting new projects are paving a direct path to meet climate targets. 

Join us in reimagining what technology can do for the planet at https://msft.it/6016YGO1A",43,https://twitter.com/Microsoft/status/1783216848890171902,01/05/2024 00:15:04,-1
https://twitter.com/Microsoft,@MicrosoftLife,Apr 24,"In motherhood and in her professional life, Athena, navigates with empathy and resilience rooted in her upbringing and culture. She shares a deep connection with clients as a working parent.  

Lean in for more: https://msft.it/6015YB1jl
#InclusionIsInnovation",7,https://twitter.com/MicrosoftLife/status/1783171548565647822,01/05/2024 00:15:04,-1
